project,bug_id,revision,test_id,label,granularity,test_runtime_seconds,coverage_ratio,covered_line_count,changed_line_coverage_ratio,executed_file_count,executed_function_count,changed_file_coverage_ratio,meta_test_command,meta_single_test_target,meta_test_returncode,meta_coverage_returncode,meta_workspace
youtube-dl,1,fixed,test_match_str,0,test,,,,,,,,python -m unittest -q test.test_utils.TestUtil.test_match_str,test.test_utils.TestUtil.test_match_str,0,0,C:\Users\chenj\Desktop\MITACS\BugsInPy\workspace\youtube-dl_1_fixed
youtube-dl,1,buggy,test_match_str,1,test,0.013,0.2652007732185221,12073.0,0.0,479.0,0.0,0.0,python -m unittest -q test.test_utils.TestUtil.test_match_str,test.test_utils.TestUtil.test_match_str,0,0,C:\Users\chenj\Desktop\MITACS\BugsInPy\workspace\youtube-dl_1_buggy
youtube-dl,2,fixed,test_parse_mpd_formats,0,test,0.055,0.275579715131081,12015.0,0.0,485.0,0.0,0.0,python -m unittest -q test.test_InfoExtractor.TestInfoExtractor.test_parse_mpd_formats,test.test_InfoExtractor.TestInfoExtractor.test_parse_mpd_formats,0,0,C:\Users\chenj\Desktop\MITACS\BugsInPy\workspace\youtube-dl_2_fixed
youtube-dl,2,buggy,test_parse_mpd_formats,1,test,0.08,0.2747517372657844,11980.0,0.0,485.0,0.0,0.0,python -m unittest -q test.test_InfoExtractor.TestInfoExtractor.test_parse_mpd_formats,test.test_InfoExtractor.TestInfoExtractor.test_parse_mpd_formats,0,0,C:\Users\chenj\Desktop\MITACS\BugsInPy\workspace\youtube-dl_2_buggy
youtube-dl,3,fixed,test_unescape_html,0,test,0.001,0.2680475032728633,11466.0,0.0,472.0,0.0,0.0,python -m unittest -q test.test_utils.TestUtil.test_unescape_html,test.test_utils.TestUtil.test_unescape_html,0,0,C:\Users\chenj\Desktop\MITACS\BugsInPy\workspace\youtube-dl_3_fixed
youtube-dl,3,buggy,test_unescape_html,1,test,0.01,0.2680007480830372,11464.0,0.0,472.0,0.0,0.0,python -m unittest -q test.test_utils.TestUtil.test_unescape_html,test.test_utils.TestUtil.test_unescape_html,0,0,C:\Users\chenj\Desktop\MITACS\BugsInPy\workspace\youtube-dl_3_buggy
youtube-dl,4,fixed,test_call,0,test,0.004,0.275422268183385,10387.0,0.0,447.0,0.0,0.0,python -m unittest -q test.test_jsinterp.TestJSInterpreter.test_call,test.test_jsinterp.TestJSInterpreter.test_call,0,0,C:\Users\chenj\Desktop\MITACS\BugsInPy\workspace\youtube-dl_4_fixed
youtube-dl,4,buggy,test_call,1,test,0.033,0.2756609126826293,10396.0,0.0,447.0,0.0,0.0,python -m unittest -q test.test_jsinterp.TestJSInterpreter.test_call,test.test_jsinterp.TestJSInterpreter.test_call,0,0,C:\Users\chenj\Desktop\MITACS\BugsInPy\workspace\youtube-dl_4_buggy
youtube-dl,5,fixed,test_unified_timestamps,0,test,0.014,0.2736926968947207,9845.0,0.0,435.0,0.0,0.0,python -m unittest -q test.test_utils.TestUtil.test_unified_timestamps,test.test_utils.TestUtil.test_unified_timestamps,0,0,C:\Users\chenj\Desktop\MITACS\BugsInPy\workspace\youtube-dl_5_fixed
youtube-dl,5,buggy,test_unified_timestamps,1,test,0.033,0.2736926968947207,9845.0,0.0,435.0,0.0,0.0,python -m unittest -q test.test_utils.TestUtil.test_unified_timestamps,test.test_utils.TestUtil.test_unified_timestamps,0,0,C:\Users\chenj\Desktop\MITACS\BugsInPy\workspace\youtube-dl_5_buggy
youtube-dl,6,fixed,test_parse_dfxp_time_expr,0,test,0.0,0.2747226731601732,8123.0,0.0,396.0,0.0,0.0,python -m unittest -q test.test_utils.TestUtil.test_parse_dfxp_time_expr,test.test_utils.TestUtil.test_parse_dfxp_time_expr,0,0,C:\Users\chenj\Desktop\MITACS\BugsInPy\workspace\youtube-dl_6_fixed
youtube-dl,6,buggy,test_parse_dfxp_time_expr,1,test,0.008,0.2743970503670128,8112.0,0.0,396.0,0.0,0.0,python -m unittest -q test.test_utils.TestUtil.test_parse_dfxp_time_expr,test.test_utils.TestUtil.test_parse_dfxp_time_expr,0,0,C:\Users\chenj\Desktop\MITACS\BugsInPy\workspace\youtube-dl_6_buggy
youtube-dl,7,fixed,test_js_to_json_realworld,0,test,0.001,0.2778049291349577,7958.0,0.0,393.0,0.0,0.0,python -m unittest -q test.test_utils.TestUtil.test_js_to_json_realworld,test.test_utils.TestUtil.test_js_to_json_realworld,0,0,C:\Users\chenj\Desktop\MITACS\BugsInPy\workspace\youtube-dl_7_fixed
youtube-dl,7,buggy,test_js_to_json_realworld,1,test,0.011,0.2777002024715492,7955.0,0.0,393.0,0.0,0.0,python -m unittest -q test.test_utils.TestUtil.test_js_to_json_realworld,test.test_utils.TestUtil.test_js_to_json_realworld,0,0,C:\Users\chenj\Desktop\MITACS\BugsInPy\workspace\youtube-dl_7_buggy
youtube-dl,8,fixed,test_youtube_format_selection,0,test,2.454,0.2931222502162223,7795.0,0.0,387.0,0.0,0.0,python -m unittest -q test.test_YoutubeDL.TestFormatSelection.test_youtube_format_selection,test.test_YoutubeDL.TestFormatSelection.test_youtube_format_selection,0,0,C:\Users\chenj\Desktop\MITACS\BugsInPy\workspace\youtube-dl_8_fixed
youtube-dl,8,buggy,test_youtube_format_selection,1,test,0.089,0.291080694893585,7741.0,0.0,387.0,0.0,0.0,python -m unittest -q test.test_YoutubeDL.TestFormatSelection.test_youtube_format_selection,test.test_YoutubeDL.TestFormatSelection.test_youtube_format_selection,0,0,C:\Users\chenj\Desktop\MITACS\BugsInPy\workspace\youtube-dl_8_buggy
httpie,1,fixed,test_unique_filename,0,test,,,,,,,,pytest tests/test_downloads.py::TestDownloadUtils::test_unique_filename,tests/test_downloads.py::TestDownloadUtils::test_unique_filename,0,0,C:\Users\chenj\Desktop\MITACS\BugsInPy\workspace\httpie_1_fixed
httpie,1,buggy,test_unique_filename,1,test,,,,,,,,pytest tests/test_downloads.py::TestDownloadUtils::test_unique_filename,tests/test_downloads.py::TestDownloadUtils::test_unique_filename,0,0,C:\Users\chenj\Desktop\MITACS\BugsInPy\workspace\httpie_1_buggy
httpie,2,fixed,test_max_redirects,0,test,,,,,,,,pytest tests/test_redirects.py::TestRedirects::test_max_redirects,tests/test_redirects.py::TestRedirects::test_max_redirects,0,0,C:\Users\chenj\Desktop\MITACS\BugsInPy\workspace\httpie_2_fixed
httpie,2,buggy,test_max_redirects,1,test,,,,,,,,pytest tests/test_redirects.py::TestRedirects::test_max_redirects,tests/test_redirects.py::TestRedirects::test_max_redirects,0,0,C:\Users\chenj\Desktop\MITACS\BugsInPy\workspace\httpie_2_buggy
httpie,3,fixed,test_download_in_session,0,test,,,,,,,,pytest tests/test_sessions.py::TestSession::test_download_in_session,tests/test_sessions.py::TestSession::test_download_in_session,0,0,C:\Users\chenj\Desktop\MITACS\BugsInPy\workspace\httpie_3_fixed
httpie,3,buggy,test_download_in_session,1,test,,,,,,,,pytest tests/test_sessions.py::TestSession::test_download_in_session,tests/test_sessions.py::TestSession::test_download_in_session,0,0,C:\Users\chenj\Desktop\MITACS\BugsInPy\workspace\httpie_3_buggy
httpie,4,fixed,test_Host_header_overwrite,0,test,,,,,,,,pytest tests/test_regressions.py::test_Host_header_overwrite,tests/test_regressions.py::test_Host_header_overwrite,0,0,C:\Users\chenj\Desktop\MITACS\BugsInPy\workspace\httpie_4_fixed
httpie,4,buggy,test_Host_header_overwrite,1,test,,,,,,,,pytest tests/test_regressions.py::test_Host_header_overwrite,tests/test_regressions.py::test_Host_header_overwrite,0,0,C:\Users\chenj\Desktop\MITACS\BugsInPy\workspace\httpie_4_buggy
httpie,5,fixed,test_escape_longsep,0,test,,,,,,,,pytest tests/tests.py::TestItemParsing::test_escape_longsep,tests/tests.py::TestItemParsing::test_escape_longsep,0,0,C:\Users\chenj\Desktop\MITACS\BugsInPy\workspace\httpie_5_fixed
httpie,5,buggy,test_escape_longsep,1,test,,,,,,,,pytest tests/tests.py::TestItemParsing::test_escape_longsep,tests/tests.py::TestItemParsing::test_escape_longsep,0,0,C:\Users\chenj\Desktop\MITACS\BugsInPy\workspace\httpie_5_buggy
cookiecutter,1,fixed,test_generate_context_decodes_non_ascii_chars,0,test,,,,,,,,tox tests/test_generate_context.py::test_generate_context_decodes_non_ascii_chars,tests/test_generate_context.py::test_generate_context_decodes_non_ascii_chars,0,0,C:\Users\chenj\Desktop\MITACS\BugsInPy\workspace\cookiecutter_1_fixed
cookiecutter,1,buggy,test_generate_context_decodes_non_ascii_chars,1,test,,,,,,,,tox tests/test_generate_context.py::test_generate_context_decodes_non_ascii_chars,tests/test_generate_context.py::test_generate_context_decodes_non_ascii_chars,0,0,C:\Users\chenj\Desktop\MITACS\BugsInPy\workspace\cookiecutter_1_buggy
cookiecutter,2,fixed,test_find_hook,0,test,,,,,,,,tox tests/test_hooks.py::TestFindHooks::test_find_hook,tests/test_hooks.py::TestFindHooks::test_find_hook,0,0,C:\Users\chenj\Desktop\MITACS\BugsInPy\workspace\cookiecutter_2_fixed
cookiecutter,2,fixed,test_run_hook,0,test,,,,,,,,tox tests/test_hooks.py::TestExternalHooks::test_run_hook,tests/test_hooks.py::TestExternalHooks::test_run_hook,0,0,C:\Users\chenj\Desktop\MITACS\BugsInPy\workspace\cookiecutter_2_fixed
cookiecutter,2,buggy,test_find_hook,1,test,,,,,,,,tox tests/test_hooks.py::TestFindHooks::test_find_hook,tests/test_hooks.py::TestFindHooks::test_find_hook,0,0,C:\Users\chenj\Desktop\MITACS\BugsInPy\workspace\cookiecutter_2_buggy
cookiecutter,2,buggy,test_run_hook,1,test,,,,,,,,tox tests/test_hooks.py::TestExternalHooks::test_run_hook,tests/test_hooks.py::TestExternalHooks::test_run_hook,0,0,C:\Users\chenj\Desktop\MITACS\BugsInPy\workspace\cookiecutter_2_buggy
cookiecutter,3,fixed,test_click_invocation,0,test,,,,,,,,tox tests/test_read_user_choice.py::test_click_invocation,tests/test_read_user_choice.py::test_click_invocation,0,0,C:\Users\chenj\Desktop\MITACS\BugsInPy\workspace\cookiecutter_3_fixed
cookiecutter,3,buggy,test_click_invocation,1,test,,,,,,,,tox tests/test_read_user_choice.py::test_click_invocation,tests/test_read_user_choice.py::test_click_invocation,0,0,C:\Users\chenj\Desktop\MITACS\BugsInPy\workspace\cookiecutter_3_buggy
cookiecutter,4,fixed,test_run_failing_hook,0,test,,,,,,,,tox tests/test_hooks.py::TestExternalHooks::test_run_failing_hook,tests/test_hooks.py::TestExternalHooks::test_run_failing_hook,0,0,C:\Users\chenj\Desktop\MITACS\BugsInPy\workspace\cookiecutter_4_fixed
cookiecutter,4,buggy,test_run_failing_hook,1,test,,,,,,,,tox tests/test_hooks.py::TestExternalHooks::test_run_failing_hook,tests/test_hooks.py::TestExternalHooks::test_run_failing_hook,0,0,C:\Users\chenj\Desktop\MITACS\BugsInPy\workspace\cookiecutter_4_buggy
tqdm,1,fixed,test_enumerate,0,test,1.2055464000441134,0.1450459652706843,142.0,0.0,8.0,0.0,0.0,python3 -m pytest tqdm/tests/tests_contrib.py::test_enumerate,tqdm/tests/tests_contrib.py::test_enumerate,0,0,C:\Users\chenj\Desktop\MITACS\BugsInPy\workspace\tqdm_1_fixed
tqdm,1,buggy,test_enumerate,1,test,1.2123139998875558,0.1450459652706843,142.0,0.0,8.0,0.0,0.0,python3 -m pytest tqdm/tests/tests_contrib.py::test_enumerate,tqdm/tests/tests_contrib.py::test_enumerate,0,0,C:\Users\chenj\Desktop\MITACS\BugsInPy\workspace\tqdm_1_buggy
tqdm,2,fixed,test_format_meter,0,test,1.4541838001459837,0.1450459652706843,142.0,0.0,8.0,0.0,0.0,python3 -m pytest tqdm/tests/tests_tqdm.py::test_format_meter,tqdm/tests/tests_tqdm.py::test_format_meter,0,0,C:\Users\chenj\Desktop\MITACS\BugsInPy\workspace\tqdm_2_fixed
tqdm,2,buggy,test_format_meter,1,test,1.188102699816227,0.1450459652706843,142.0,0.0,8.0,0.0,0.0,python3 -m pytest tqdm/tests/tests_tqdm.py::test_format_meter,tqdm/tests/tests_tqdm.py::test_format_meter,0,0,C:\Users\chenj\Desktop\MITACS\BugsInPy\workspace\tqdm_2_buggy
tqdm,3,fixed,test_bool,0,test,1.2620870000682771,0.1450459652706843,142.0,0.0,8.0,0.0,0.0,python3 -m pytest tqdm/tests/tests_tqdm.py::test_bool,tqdm/tests/tests_tqdm.py::test_bool,0,0,C:\Users\chenj\Desktop\MITACS\BugsInPy\workspace\tqdm_3_fixed
tqdm,3,buggy,test_bool,1,test,1.41902819997631,0.1450459652706843,142.0,0.0,8.0,0.0,0.0,python3 -m pytest tqdm/tests/tests_tqdm.py::test_bool,tqdm/tests/tests_tqdm.py::test_bool,0,0,C:\Users\chenj\Desktop\MITACS\BugsInPy\workspace\tqdm_3_buggy
tqdm,5,fixed,test_bool,0,test,1.732825699960813,0.1450459652706843,142.0,0.0,8.0,0.0,0.0,python3 -m pytest tqdm/tests/tests_tqdm.py::test_bool,tqdm/tests/tests_tqdm.py::test_bool,0,0,C:\Users\chenj\Desktop\MITACS\BugsInPy\workspace\tqdm_5_fixed
tqdm,5,buggy,test_bool,1,test,1.422471399884671,0.1450459652706843,142.0,0.0,8.0,0.0,0.0,python3 -m pytest tqdm/tests/tests_tqdm.py::test_bool,tqdm/tests/tests_tqdm.py::test_bool,0,0,C:\Users\chenj\Desktop\MITACS\BugsInPy\workspace\tqdm_5_buggy
tqdm,6,fixed,test_imap,0,test,1.5930017000064254,0.1450459652706843,142.0,0.0,8.0,0.0,0.0,python3 -m pytest tqdm/tests/tests_synchronisation.py::test_imap,tqdm/tests/tests_synchronisation.py::test_imap,0,0,C:\Users\chenj\Desktop\MITACS\BugsInPy\workspace\tqdm_6_fixed
tqdm,6,buggy,test_imap,1,test,2.54620959982276,0.1450459652706843,142.0,0.0,8.0,0.0,0.0,python3 -m pytest tqdm/tests/tests_synchronisation.py::test_imap,tqdm/tests/tests_synchronisation.py::test_imap,0,0,C:\Users\chenj\Desktop\MITACS\BugsInPy\workspace\tqdm_6_buggy
tqdm,7,fixed,test_main,0,test,1.8787847000639888,0.1450459652706843,142.0,0.0,8.0,0.0,0.0,python3 -m pytest tqdm/tests/tests_main.py::test_main,tqdm/tests/tests_main.py::test_main,0,0,C:\Users\chenj\Desktop\MITACS\BugsInPy\workspace\tqdm_7_fixed
tqdm,7,buggy,test_main,1,test,1.6581604999955744,0.1450459652706843,142.0,0.0,8.0,0.0,0.0,python3 -m pytest tqdm/tests/tests_main.py::test_main,tqdm/tests/tests_main.py::test_main,0,0,C:\Users\chenj\Desktop\MITACS\BugsInPy\workspace\tqdm_7_buggy
tqdm,8,fixed,test_format_meter,0,test,1.535343199968338,0.1450459652706843,142.0,0.0,8.0,0.0,0.0,python3 -m pytest tqdm/tests/tests_tqdm.py::test_format_meter,tqdm/tests/tests_tqdm.py::test_format_meter,0,0,C:\Users\chenj\Desktop\MITACS\BugsInPy\workspace\tqdm_8_fixed
tqdm,8,buggy,test_format_meter,1,test,1.5263503999449313,0.1450459652706843,142.0,0.0,8.0,0.0,0.0,python3 -m pytest tqdm/tests/tests_tqdm.py::test_format_meter,tqdm/tests/tests_tqdm.py::test_format_meter,0,0,C:\Users\chenj\Desktop\MITACS\BugsInPy\workspace\tqdm_8_buggy
tqdm,9,fixed,test_si_format,0,test,1.2896515999455005,0.1450459652706843,142.0,0.0,8.0,0.0,0.0,python3 -m pytest tqdm/tests/tests_tqdm.py::test_si_format,tqdm/tests/tests_tqdm.py::test_si_format,0,0,C:\Users\chenj\Desktop\MITACS\BugsInPy\workspace\tqdm_9_fixed
tqdm,9,fixed,test_update,0,test,1.49180780001916,0.1450459652706843,142.0,0.0,8.0,0.0,0.0,python3 -m pytest tqdm/tests/tests_tqdm.py::test_update,tqdm/tests/tests_tqdm.py::test_update,0,0,C:\Users\chenj\Desktop\MITACS\BugsInPy\workspace\tqdm_9_fixed
tqdm,9,buggy,test_si_format,1,test,1.3721113000065088,0.1450459652706843,142.0,0.0,8.0,0.0,0.0,python3 -m pytest tqdm/tests/tests_tqdm.py::test_si_format,tqdm/tests/tests_tqdm.py::test_si_format,0,0,C:\Users\chenj\Desktop\MITACS\BugsInPy\workspace\tqdm_9_buggy
tqdm,9,buggy,test_update,1,test,1.4759840001352131,0.1450459652706843,142.0,0.0,8.0,0.0,0.0,python3 -m pytest tqdm/tests/tests_tqdm.py::test_update,tqdm/tests/tests_tqdm.py::test_update,0,0,C:\Users\chenj\Desktop\MITACS\BugsInPy\workspace\tqdm_9_buggy
PySnooper,1,fixed,test_chinese,0,test,,,,,,,,pytest -q -s tests/test_chinese.py::test_chinese,-q -s tests/test_chinese.py::test_chinese,0,0,C:\Users\chenj\Desktop\MITACS\BugsInPy\workspace\PySnooper_1_fixed
PySnooper,1,buggy,test_chinese,1,test,,,,,,,,pytest -q -s tests/test_chinese.py::test_chinese,-q -s tests/test_chinese.py::test_chinese,0,0,C:\Users\chenj\Desktop\MITACS\BugsInPy\workspace\PySnooper_1_buggy
PySnooper,2,fixed,test_custom_repr_single,0,test,,,,,,,,pytest -q -s tests/test_pysnooper.py::test_custom_repr_single,-q -s tests/test_pysnooper.py::test_custom_repr_single,0,0,C:\Users\chenj\Desktop\MITACS\BugsInPy\workspace\PySnooper_2_fixed
PySnooper,2,buggy,test_custom_repr_single,1,test,,,,,,,,pytest -q -s tests/test_pysnooper.py::test_custom_repr_single,-q -s tests/test_pysnooper.py::test_custom_repr_single,0,0,C:\Users\chenj\Desktop\MITACS\BugsInPy\workspace\PySnooper_2_buggy
youtube-dl,9,fixed,test_youtube_format_selection,0,test,2.878,0.2928875014104637,7787.0,0.0,387.0,0.0,0.0,python -m unittest -q test.test_YoutubeDL.TestFormatSelection.test_youtube_format_selection,test.test_YoutubeDL.TestFormatSelection.test_youtube_format_selection,0,0,C:\Users\chenj\Desktop\MITACS\BugsInPy\workspace\youtube-dl_9_fixed
youtube-dl,9,buggy,test_youtube_format_selection,1,test,0.065,0.2909111428786397,7733.0,0.0,387.0,0.0,0.0,python -m unittest -q test.test_YoutubeDL.TestFormatSelection.test_youtube_format_selection,test.test_YoutubeDL.TestFormatSelection.test_youtube_format_selection,0,0,C:\Users\chenj\Desktop\MITACS\BugsInPy\workspace\youtube-dl_9_buggy
youtube-dl,10,fixed,test_js_to_json_realworld,0,test,0.001,0.2813404684621458,6414.0,0.0,354.0,0.0,0.0,python -m unittest -q test.test_utils.TestUtil.test_js_to_json_realworld,test.test_utils.TestUtil.test_js_to_json_realworld,0,0,C:\Users\chenj\Desktop\MITACS\BugsInPy\workspace\youtube-dl_10_fixed
youtube-dl,10,buggy,test_js_to_json_realworld,1,test,39.276,0.2812966049653478,6413.0,0.0,354.0,0.0,0.0,python -m unittest -q test.test_utils.TestUtil.test_js_to_json_realworld,test.test_utils.TestUtil.test_js_to_json_realworld,0,0,C:\Users\chenj\Desktop\MITACS\BugsInPy\workspace\youtube-dl_10_buggy
youtube-dl,11,fixed,test_str_to_int,0,test,0.0,0.2601256766005101,12543.0,0.0,467.0,0.0,0.0,python -m unittest -q test.test_utils.TestUtil.test_str_to_int,test.test_utils.TestUtil.test_str_to_int,0,0,C:\Users\chenj\Desktop\MITACS\BugsInPy\workspace\youtube-dl_11_fixed
youtube-dl,11,buggy,test_str_to_int,1,test,0.023,0.2601049378875547,12542.0,0.0,467.0,0.0,0.0,python -m unittest -q test.test_utils.TestUtil.test_str_to_int,test.test_utils.TestUtil.test_str_to_int,0,0,C:\Users\chenj\Desktop\MITACS\BugsInPy\workspace\youtube-dl_11_buggy
youtube-dl,12,fixed,test_format_selection_string_ops,0,test,0.838,0.2705139953348883,12989.0,0.0,484.0,0.0,0.0,python -m unittest -q test.test_YoutubeDL.TestFormatSelection.test_format_selection_string_ops,test.test_YoutubeDL.TestFormatSelection.test_format_selection_string_ops,0,0,C:\Users\chenj\Desktop\MITACS\BugsInPy\workspace\youtube-dl_12_fixed
youtube-dl,12,buggy,test_format_selection_string_ops,1,test,0.1,0.2697642452515828,12953.0,0.0,484.0,0.0,0.0,python -m unittest -q test.test_YoutubeDL.TestFormatSelection.test_format_selection_string_ops,test.test_YoutubeDL.TestFormatSelection.test_format_selection_string_ops,0,0,C:\Users\chenj\Desktop\MITACS\BugsInPy\workspace\youtube-dl_12_buggy
youtube-dl,13,fixed,test_urljoin,0,test,0.001,0.2630296720458094,12632.0,0.0,484.0,0.0,0.0,python -m unittest -q test.test_utils.TestUtil.test_urljoin,test.test_utils.TestUtil.test_urljoin,0,0,C:\Users\chenj\Desktop\MITACS\BugsInPy\workspace\youtube-dl_13_fixed
youtube-dl,13,buggy,test_urljoin,1,test,0.014,0.2630504945340968,12633.0,0.0,484.0,0.0,0.0,python -m unittest -q test.test_utils.TestUtil.test_urljoin,test.test_utils.TestUtil.test_urljoin,0,0,C:\Users\chenj\Desktop\MITACS\BugsInPy\workspace\youtube-dl_13_buggy
youtube-dl,14,fixed,test_youtube_chapters,0,test,0.001,0.2639848890549432,12718.0,0.0,457.0,0.0,0.0,python -m unittest -q test.test_youtube_chapters.TestYoutubeChapters.test_youtube_chapters,test.test_youtube_chapters.TestYoutubeChapters.test_youtube_chapters,0,0,C:\Users\chenj\Desktop\MITACS\BugsInPy\workspace\youtube-dl_14_fixed
youtube-dl,14,buggy,test_youtube_chapters,1,test,0.026,0.2630278106631774,12664.0,0.0,457.0,0.0,0.0,python -m unittest -q test.test_youtube_chapters.TestYoutubeChapters.test_youtube_chapters,test.test_youtube_chapters.TestYoutubeChapters.test_youtube_chapters,0,0,C:\Users\chenj\Desktop\MITACS\BugsInPy\workspace\youtube-dl_14_buggy
youtube-dl,15,fixed,test_js_to_json_realworld,0,test,0.003,0.2678245590322363,11889.0,0.0,481.0,0.0,0.0,python -m unittest -q test.test_utils.TestUtil.test_js_to_json_edgecases test.test_utils.TestUtil.test_js_to_json_realworld,test.test_utils.TestUtil.test_js_to_json_edgecases test.test_utils.TestUtil.test_js_to_json_realworld,0,0,C:\Users\chenj\Desktop\MITACS\BugsInPy\workspace\youtube-dl_15_fixed
youtube-dl,15,buggy,test_js_to_json_realworld,1,test,0.014,0.2678245590322363,11889.0,0.0,481.0,0.0,0.0,python -m unittest -q test.test_utils.TestUtil.test_js_to_json_edgecases test.test_utils.TestUtil.test_js_to_json_realworld,test.test_utils.TestUtil.test_js_to_json_edgecases test.test_utils.TestUtil.test_js_to_json_realworld,0,0,C:\Users\chenj\Desktop\MITACS\BugsInPy\workspace\youtube-dl_15_buggy
youtube-dl,16,fixed,test_dfxp2srt,0,test,0.019,0.2703472881866413,11669.0,0.0,474.0,0.0,0.0,python -m unittest -q test.test_utils.TestUtil.test_dfxp2srt,test.test_utils.TestUtil.test_dfxp2srt,0,0,C:\Users\chenj\Desktop\MITACS\BugsInPy\workspace\youtube-dl_16_fixed
youtube-dl,16,buggy,test_dfxp2srt,1,test,0.021,0.2673354493431874,11539.0,0.0,474.0,0.0,0.0,python -m unittest -q test.test_utils.TestUtil.test_dfxp2srt,test.test_utils.TestUtil.test_dfxp2srt,0,0,C:\Users\chenj\Desktop\MITACS\BugsInPy\workspace\youtube-dl_16_buggy
youtube-dl,17,fixed,test_cli_bool_option,0,test,0.0,0.267451403381246,11406.0,0.0,472.0,0.0,0.0,python -m unittest -q test.test_utils.TestUtil.test_cli_bool_option,test.test_utils.TestUtil.test_cli_bool_option,0,0,C:\Users\chenj\Desktop\MITACS\BugsInPy\workspace\youtube-dl_17_fixed
youtube-dl,17,buggy,test_cli_bool_option,1,test,0.019,0.2674170477195451,11404.0,0.0,472.0,0.0,0.0,python -m unittest -q test.test_utils.TestUtil.test_cli_bool_option,test.test_utils.TestUtil.test_cli_bool_option,0,0,C:\Users\chenj\Desktop\MITACS\BugsInPy\workspace\youtube-dl_17_buggy
youtube-dl,18,fixed,test_do_not_override_ie_key_in_url_transparent,0,test,0.028,0.2768238822890342,11721.0,0.0,473.0,0.0,0.0,python -m unittest -q test.test_YoutubeDL.TestYoutubeDL.test_do_not_override_ie_key_in_url_transparent,test.test_YoutubeDL.TestYoutubeDL.test_do_not_override_ie_key_in_url_transparent,0,0,C:\Users\chenj\Desktop\MITACS\BugsInPy\workspace\youtube-dl_18_fixed
youtube-dl,18,buggy,test_do_not_override_ie_key_in_url_transparent,1,test,0.044,0.276776646749014,11719.0,0.0,473.0,0.0,0.0,python -m unittest -q test.test_YoutubeDL.TestYoutubeDL.test_do_not_override_ie_key_in_url_transparent,test.test_YoutubeDL.TestYoutubeDL.test_do_not_override_ie_key_in_url_transparent,0,0,C:\Users\chenj\Desktop\MITACS\BugsInPy\workspace\youtube-dl_18_buggy
youtube-dl,19,fixed,test_prepare_filename,0,test,0.387,0.2710439703549357,11447.0,0.0,473.0,0.0,0.0,python -m unittest -q test.test_YoutubeDL.TestYoutubeDL.test_prepare_filename,test.test_YoutubeDL.TestYoutubeDL.test_prepare_filename,0,0,C:\Users\chenj\Desktop\MITACS\BugsInPy\workspace\youtube-dl_19_fixed
youtube-dl,19,buggy,test_prepare_filename,1,test,0.36,0.2709685058015628,11443.0,0.0,473.0,0.0,0.0,python -m unittest -q test.test_YoutubeDL.TestYoutubeDL.test_prepare_filename,test.test_YoutubeDL.TestYoutubeDL.test_prepare_filename,0,0,C:\Users\chenj\Desktop\MITACS\BugsInPy\workspace\youtube-dl_19_buggy
youtube-dl,20,fixed,test_get_element_by_attribute,0,test,0.003,0.2678537601818526,11312.0,0.0,473.0,0.0,0.0,python -m unittest -q test.test_utils.TestUtil.test_get_element_by_attribute,test.test_utils.TestUtil.test_get_element_by_attribute,0,0,C:\Users\chenj\Desktop\MITACS\BugsInPy\workspace\youtube-dl_20_fixed
youtube-dl,20,buggy,test_get_element_by_attribute,1,test,0.011,0.2678537601818526,11312.0,0.0,473.0,0.0,0.0,python -m unittest -q test.test_utils.TestUtil.test_get_element_by_attribute,test.test_utils.TestUtil.test_get_element_by_attribute,0,0,C:\Users\chenj\Desktop\MITACS\BugsInPy\workspace\youtube-dl_20_buggy
youtube-dl,21,fixed,test_urljoin,0,test,0.001,0.270168439716312,10971.0,0.0,467.0,0.0,0.0,python -m unittest -q test.test_utils.TestUtil.test_urljoin,test.test_utils.TestUtil.test_urljoin,0,0,C:\Users\chenj\Desktop\MITACS\BugsInPy\workspace\youtube-dl_21_fixed
youtube-dl,21,buggy,test_urljoin,1,test,0.05,0.2696778642498276,10950.0,0.0,467.0,0.0,0.0,python -m unittest -q test.test_utils.TestUtil.test_urljoin,test.test_utils.TestUtil.test_urljoin,0,0,C:\Users\chenj\Desktop\MITACS\BugsInPy\workspace\youtube-dl_21_buggy
youtube-dl,22,fixed,test_match_filter,0,test,0.413,0.280462237308441,11237.0,0.0,461.0,0.0,0.0,python -m unittest -q test.test_YoutubeDL.TestYoutubeDL.test_match_filter,test.test_YoutubeDL.TestYoutubeDL.test_match_filter,0,0,C:\Users\chenj\Desktop\MITACS\BugsInPy\workspace\youtube-dl_22_fixed
youtube-dl,22,buggy,test_match_filter,1,test,0.224,0.2802086713426353,11226.0,0.0,461.0,0.0,0.0,python -m unittest -q test.test_YoutubeDL.TestYoutubeDL.test_match_filter,test.test_YoutubeDL.TestYoutubeDL.test_match_filter,0,0,C:\Users\chenj\Desktop\MITACS\BugsInPy\workspace\youtube-dl_22_buggy
youtube-dl,23,fixed,test_js_to_json_edgecases,0,test,0.001,0.2707771419928915,10742.0,0.0,456.0,0.0,0.0,python -m unittest -q test.test_utils.TestUtil.test_js_to_json_edgecases,test.test_utils.TestUtil.test_js_to_json_edgecases,0,0,C:\Users\chenj\Desktop\MITACS\BugsInPy\workspace\youtube-dl_23_fixed
youtube-dl,23,buggy,test_js_to_json_edgecases,1,test,0.013,0.2704242393688084,10728.0,0.0,456.0,0.0,0.0,python -m unittest -q test.test_utils.TestUtil.test_js_to_json_edgecases,test.test_utils.TestUtil.test_js_to_json_edgecases,0,0,C:\Users\chenj\Desktop\MITACS\BugsInPy\workspace\youtube-dl_23_buggy
youtube-dl,24,fixed,test_match_filter,0,test,0.184,0.283136985577685,10719.0,0.0,448.0,0.0,0.0,python -m unittest -q test.test_YoutubeDL.TestYoutubeDL.test_match_filter,test.test_YoutubeDL.TestYoutubeDL.test_match_filter,0,0,C:\Users\chenj\Desktop\MITACS\BugsInPy\workspace\youtube-dl_24_fixed
youtube-dl,24,buggy,test_match_filter,1,test,,,,,,,,python -m unittest -q test.test_YoutubeDL.TestYoutubeDL.test_match_filter,test.test_YoutubeDL.TestYoutubeDL.test_match_filter,0,0,C:\Users\chenj\Desktop\MITACS\BugsInPy\workspace\youtube-dl_24_buggy
youtube-dl,25,fixed,test_js_to_json_realworld,0,test,0.002,0.2722490135905304,9936.0,0.0,439.0,0.0,0.0,python -m unittest -q test.test_utils.TestUtil.test_js_to_json_realworld,test.test_utils.TestUtil.test_js_to_json_realworld,0,0,C:\Users\chenj\Desktop\MITACS\BugsInPy\workspace\youtube-dl_25_fixed
youtube-dl,25,buggy,test_js_to_json_realworld,1,test,0.018,0.2723038141166155,9938.0,0.0,439.0,0.0,0.0,python -m unittest -q test.test_utils.TestUtil.test_js_to_json_realworld,test.test_utils.TestUtil.test_js_to_json_realworld,0,0,C:\Users\chenj\Desktop\MITACS\BugsInPy\workspace\youtube-dl_25_buggy
youtube-dl,26,fixed,test_js_to_json_realworld,0,test,0.002,0.2725313873646106,9486.0,0.0,422.0,0.0,0.0,python -m unittest -q test.test_utils.TestUtil.test_js_to_json_realworld,test.test_utils.TestUtil.test_js_to_json_realworld,0,0,C:\Users\chenj\Desktop\MITACS\BugsInPy\workspace\youtube-dl_26_fixed
youtube-dl,26,buggy,test_js_to_json_realworld,1,test,0.01,0.2725888470709914,9488.0,0.0,422.0,0.0,0.0,python -m unittest -q test.test_utils.TestUtil.test_js_to_json_realworld,test.test_utils.TestUtil.test_js_to_json_realworld,0,0,C:\Users\chenj\Desktop\MITACS\BugsInPy\workspace\youtube-dl_26_buggy
youtube-dl,32,fixed,test_strip_jsonp,0,test,,,,,,,,python -m unittest -q test.test_utils.TestUtil.test_strip_jsonp,test.test_utils.TestUtil.test_strip_jsonp,127,127,C:\Users\chenj\Desktop\MITACS\BugsInPy\workspace\youtube-dl_32_fixed
youtube-dl,32,buggy,test_strip_jsonp,1,test,,,,,,,,python -m unittest -q test.test_utils.TestUtil.test_strip_jsonp,test.test_utils.TestUtil.test_strip_jsonp,127,127,C:\Users\chenj\Desktop\MITACS\BugsInPy\workspace\youtube-dl_32_buggy
youtube-dl,33,fixed,test_parse_iso8601,0,test,,,,,,,,python -m unittest -q test.test_utils.TestUtil.test_parse_iso8601,test.test_utils.TestUtil.test_parse_iso8601,0,0,C:\Users\chenj\Desktop\MITACS\BugsInPy\workspace\youtube-dl_33_fixed
youtube-dl,33,buggy,test_parse_iso8601,1,test,0.013,0.2787260616153205,5356.0,0.8181818181818182,298.0,0.0,0.5,python -m unittest -q test.test_utils.TestUtil.test_parse_iso8601,test.test_utils.TestUtil.test_parse_iso8601,0,0,C:\Users\chenj\Desktop\MITACS\BugsInPy\workspace\youtube-dl_33_buggy
youtube-dl,37,fixed,test_uppercase_escpae,0,test,,,,,,,,python -m unittest -q test.test_utils.TestUtil.test_uppercase_escpae,test.test_utils.TestUtil.test_uppercase_escpae,127,127,C:\Users\chenj\Desktop\MITACS\BugsInPy\workspace\youtube-dl_37_fixed
youtube-dl,37,buggy,test_uppercase_escpae,1,test,,,,,,,,python -m unittest -q test.test_utils.TestUtil.test_uppercase_escpae,test.test_utils.TestUtil.test_uppercase_escpae,127,127,C:\Users\chenj\Desktop\MITACS\BugsInPy\workspace\youtube-dl_37_buggy
youtube-dl,39,fixed,test_limit_length,0,test,,,,,,,,python -m unittest -q test.test_utils.TestUtil.test_limit_length,test.test_utils.TestUtil.test_limit_length,0,0,C:\Users\chenj\Desktop\MITACS\BugsInPy\workspace\youtube-dl_39_fixed
youtube-dl,39,buggy,test_limit_length,1,test,,,,,,,,python -m unittest -q test.test_utils.TestUtil.test_limit_length,test.test_utils.TestUtil.test_limit_length,0,0,C:\Users\chenj\Desktop\MITACS\BugsInPy\workspace\youtube-dl_39_buggy
youtube-dl,41,fixed,test_unified_dates,0,test,0.004,0.2608110381961972,3100.0,0.0,164.0,0.0,0.0,python -m unittest -q test.test_utils.TestUtil.test_unified_dates,test.test_utils.TestUtil.test_unified_dates,0,0,C:\Users\chenj\Desktop\MITACS\BugsInPy\workspace\youtube-dl_41_fixed
youtube-dl,41,buggy,test_unified_dates,1,test,0.021,0.2609793033821302,3102.0,0.0,164.0,0.0,0.0,python -m unittest -q test.test_utils.TestUtil.test_unified_dates,test.test_utils.TestUtil.test_unified_dates,0,0,C:\Users\chenj\Desktop\MITACS\BugsInPy\workspace\youtube-dl_41_buggy
youtube-dl,42,fixed,test_fix_xml_ampersands,0,test,0.0,0.2538335158817086,2781.0,0.7142857142857143,144.0,0.0,0.5,python -m unittest -q test.test_utils.TestUtil.test_fix_xml_ampersands,test.test_utils.TestUtil.test_fix_xml_ampersands,0,0,C:\Users\chenj\Desktop\MITACS\BugsInPy\workspace\youtube-dl_42_fixed
youtube-dl,42,buggy,test_fix_xml_ampersands,1,test,,,,,,,,python -m unittest -q test.test_utils.TestUtil.test_fix_xml_ampersands,test.test_utils.TestUtil.test_fix_xml_ampersands,0,0,C:\Users\chenj\Desktop\MITACS\BugsInPy\workspace\youtube-dl_42_buggy
